BaseDate,Expiry,BaseDateFrom1August,ExpiryTime,Forward,ATMVol,Alpha,Volvol,Rho,Beta,
Sat 2020-08-01 00:00,Mon 2020-08-31 00:00,0.000000,30.000000,12007.542169,0.669796,0.645306,2.578007,-0.168707,1.000000,
Sat 2020-08-01 00:00,Wed 2020-09-30 00:00,0.000000,60.000000,12170.333333,0.704545,0.676442,1.750376,-0.015984,1.000000,
Sat 2020-08-01 00:00,Fri 2020-10-30 00:00,0.000000,90.000000,12236.761905,0.700031,0.666297,1.542071,0.017659,1.000000,
Sat 2020-08-01 00:00,Sun 2020-11-29 00:00,0.000000,120.000000,12303.190476,0.691026,0.656152,1.333767,0.051301,1.000000,
Sat 2020-08-01 00:00,Tue 2020-12-29 00:00,0.000000,150.000000,12369.739927,0.678599,0.645114,1.145183,0.084288,1.000000,
Sat 2020-08-01 00:00,Thu 2021-01-28 00:00,0.000000,180.000000,12437.157509,0.665079,0.627666,1.098233,0.112565,1.000000,
Sun 2020-08-02 00:00,Tue 2020-09-01 00:00,1.000000,30.000000,11216.625767,0.682649,0.650263,2.829948,-0.111503,1.000000,
Sun 2020-08-02 00:00,Thu 2020-10-01 00:00,1.000000,60.000000,11342.210623,0.686999,0.655934,1.825264,0.028050,1.000000,
Sun 2020-08-02 00:00,Sat 2020-10-31 00:00,1.000000,90.000000,11398.913919,0.686293,0.650453,1.601503,0.027385,1.000000,
Sun 2020-08-02 00:00,Mon 2020-11-30 00:00,1.000000,120.000000,11455.617216,0.680326,0.644972,1.377743,0.026721,1.000000,
Sun 2020-08-02 00:00,Wed 2020-12-30 00:00,1.000000,150.000000,11510.576923,0.670852,0.638526,1.173414,0.032783,1.000000,
Sun 2020-08-02 00:00,Fri 2021-01-29 00:00,1.000000,180.000000,11556.071429,0.661058,0.626839,1.074572,0.075357,1.000000,
Mon 2020-08-03 00:00,Wed 2020-09-02 00:00,2.000000,30.000000,11364.218750,0.627870,0.587895,3.212989,-0.064049,1.000000,
Mon 2020-08-03 00:00,Fri 2020-10-02 00:00,2.000000,60.000000,11475.076923,0.635305,0.596262,2.188151,-0.010395,1.000000,
Mon 2020-08-03 00:00,Sun 2020-11-01 00:00,2.000000,90.000000,11533.923077,0.644401,0.600095,1.887185,-0.002323,1.000000,
Mon 2020-08-03 00:00,Tue 2020-12-01 00:00,2.000000,120.000000,11592.769231,0.646466,0.603928,1.586219,0.005749,1.000000,
Mon 2020-08-03 00:00,Thu 2020-12-31 00:00,2.000000,150.000000,11649.560440,0.646018,0.608369,1.308514,0.026271,1.000000,
Mon 2020-08-03 00:00,Sat 2021-01-30 00:00,2.000000,180.000000,11697.527473,0.653433,0.615421,1.130694,0.100253,1.000000,
Tue 2020-08-04 00:00,Thu 2020-09-03 00:00,3.000000,30.000000,11334.426752,0.636315,0.597886,3.144128,-0.078175,1.000000,
Tue 2020-08-04 00:00,Sat 2020-10-03 00:00,3.000000,60.000000,11448.990842,0.663097,0.627971,2.040478,-0.027825,1.000000,
Tue 2020-08-04 00:00,Mon 2020-11-02 00:00,3.000000,90.000000,11505.694139,0.677228,0.638149,1.708976,0.007091,1.000000,
Tue 2020-08-04 00:00,Wed 2020-12-02 00:00,3.000000,120.000000,11562.397436,0.684552,0.648328,1.377474,0.042006,1.000000,
Tue 2020-08-04 00:00,Fri 2021-01-01 00:00,3.000000,150.000000,11616.902930,0.686676,0.655435,1.087520,0.090835,1.000000,
Tue 2020-08-04 00:00,Sun 2021-01-31 00:00,3.000000,180.000000,11663.716117,0.684472,0.651797,0.942985,0.188365,1.000000,
Wed 2020-08-05 00:00,Fri 2020-09-04 00:00,4.000000,30.000000,11908.311688,0.618329,0.579710,3.199862,-0.079816,1.000000,
Wed 2020-08-05 00:00,Sun 2020-10-04 00:00,4.000000,60.000000,12030.523810,0.677397,0.642625,1.991401,-0.012175,1.000000,
Wed 2020-08-05 00:00,Tue 2020-11-03 00:00,4.000000,90.000000,12094.644689,0.699344,0.661311,1.633959,0.029523,1.000000,
Wed 2020-08-05 00:00,Thu 2020-12-03 00:00,4.000000,120.000000,12158.765568,0.714207,0.679997,1.276517,0.071220,1.000000,
Wed 2020-08-05 00:00,Sat 2021-01-02 00:00,4.000000,150.000000,12220.864469,0.719695,0.691137,0.983419,0.112800,1.000000,
Wed 2020-08-05 00:00,Mon 2021-02-01 00:00,4.000000,180.000000,12277.073260,0.709568,0.680296,0.877762,0.154041,1.000000,
Thu 2020-08-06 00:00,Sat 2020-09-05 00:00,5.000000,30.000000,11911.798013,0.572554,0.525162,3.710692,-0.082760,1.000000,
Thu 2020-08-06 00:00,Mon 2020-10-05 00:00,5.000000,60.000000,12025.064103,0.619855,0.575377,2.369202,-0.001720,1.000000,
Thu 2020-08-06 00:00,Wed 2020-11-04 00:00,5.000000,90.000000,12091.987179,0.655271,0.606628,1.933402,0.036220,1.000000,
Thu 2020-08-06 00:00,Fri 2020-12-04 00:00,5.000000,120.000000,12158.910256,0.681185,0.637879,1.497602,0.074160,1.000000,
Thu 2020-08-06 00:00,Sun 2021-01-03 00:00,5.000000,150.000000,12222.166667,0.693207,0.656636,1.166628,0.111137,1.000000,
Thu 2020-08-06 00:00,Tue 2021-02-02 00:00,5.000000,180.000000,12276.397436,0.684484,0.644638,1.093689,0.145744,1.000000,
Fri 2020-08-07 00:00,Sun 2020-09-06 00:00,6.000000,30.000000,11712.810811,0.595038,0.552055,3.610412,-0.179093,1.000000,
Fri 2020-08-07 00:00,Tue 2020-10-06 00:00,6.000000,60.000000,11806.963370,0.652876,0.613024,2.295577,-0.109864,1.000000,
Fri 2020-08-07 00:00,Thu 2020-11-05 00:00,6.000000,90.000000,11879.985348,0.675075,0.629787,1.889175,-0.029997,1.000000,
Fri 2020-08-07 00:00,Sat 2020-12-05 00:00,6.000000,120.000000,11953.007326,0.688607,0.646551,1.482772,0.049869,1.000000,
Fri 2020-08-07 00:00,Mon 2021-01-04 00:00,6.000000,150.000000,12019.230769,0.691827,0.654485,1.178517,0.116530,1.000000,
Fri 2020-08-07 00:00,Wed 2021-02-03 00:00,6.000000,180.000000,12071.153846,0.683746,0.643846,1.089122,0.155413,1.000000,
Sat 2020-08-08 00:00,Mon 2020-09-07 00:00,7.000000,30.000000,11925.189655,0.599011,0.557301,3.600024,-0.205862,1.000000,
Sat 2020-08-08 00:00,Wed 2020-10-07 00:00,7.000000,60.000000,12041.846154,0.678233,0.640788,2.160313,-0.090971,1.000000,
Sat 2020-08-08 00:00,Fri 2020-11-06 00:00,7.000000,90.000000,12116.021978,0.686562,0.643340,1.834288,-0.036570,1.000000,
Sat 2020-08-08 00:00,Sun 2020-12-06 00:00,7.000000,120.000000,12190.197802,0.687760,0.645891,1.508263,0.017832,1.000000,
Sat 2020-08-08 00:00,Tue 2021-01-05 00:00,7.000000,150.000000,12258.864469,0.688304,0.650326,1.229902,0.069736,1.000000,
Sat 2020-08-08 00:00,Thu 2021-02-04 00:00,7.000000,180.000000,12317.545788,0.694134,0.658174,1.037933,0.117114,1.000000,
Sun 2020-08-09 00:00,Tue 2020-09-08 00:00,8.000000,30.000000,11819.978873,0.573559,0.531360,3.511014,-0.101705,1.000000,
Sun 2020-08-09 00:00,Thu 2020-10-08 00:00,8.000000,60.000000,11926.445055,0.648683,0.611016,2.237249,-0.109344,1.000000,
Sun 2020-08-09 00:00,Sat 2020-11-07 00:00,8.000000,90.000000,12002.104396,0.663761,0.621127,1.862600,-0.045339,1.000000,
Sun 2020-08-09 00:00,Mon 2020-12-07 00:00,8.000000,120.000000,12077.763736,0.671060,0.631237,1.487951,0.018665,1.000000,
Sun 2020-08-09 00:00,Wed 2021-01-06 00:00,8.000000,150.000000,12150.538462,0.673910,0.637877,1.208494,0.072092,1.000000,
Sun 2020-08-09 00:00,Fri 2021-02-05 00:00,8.000000,180.000000,12218.780220,0.675895,0.639066,1.078624,0.108897,1.000000,
Mon 2020-08-10 00:00,Wed 2020-09-09 00:00,9.000000,30.000000,12062.600719,0.582006,0.535945,3.612921,-0.073981,1.000000,
Mon 2020-08-10 00:00,Fri 2020-10-09 00:00,9.000000,60.000000,12184.271062,0.640542,0.600716,2.276337,-0.079712,1.000000,
Mon 2020-08-10 00:00,Sun 2020-11-08 00:00,9.000000,90.000000,12267.183150,0.682729,0.641273,1.794580,-0.031519,1.000000,
Mon 2020-08-10 00:00,Tue 2020-12-08 00:00,9.000000,120.000000,12350.095238,0.715468,0.681829,1.312823,0.016675,1.000000,
Mon 2020-08-10 00:00,Thu 2021-01-07 00:00,9.000000,150.000000,12425.142857,0.729128,0.701558,0.982148,0.079830,1.000000,
Mon 2020-08-10 00:00,Sat 2021-02-06 00:00,9.000000,180.000000,12489.428571,0.722023,0.692784,0.858217,0.163458,1.000000,
Tue 2020-08-11 00:00,Thu 2020-09-10 00:00,10.000000,30.000000,11501.860294,0.608452,0.567613,3.905315,-0.334171,1.000000,
Tue 2020-08-11 00:00,Sat 2020-10-10 00:00,10.000000,60.000000,11593.199634,0.639654,0.604296,2.433232,-0.252477,1.000000,
Tue 2020-08-11 00:00,Mon 2020-11-09 00:00,10.000000,90.000000,11666.221612,0.648953,0.606492,1.996499,-0.138357,1.000000,
Tue 2020-08-11 00:00,Wed 2020-12-09 00:00,10.000000,120.000000,11739.243590,0.648676,0.608688,1.559767,-0.024237,1.000000,
Tue 2020-08-11 00:00,Fri 2021-01-08 00:00,10.000000,150.000000,11807.459707,0.655283,0.620218,1.225059,0.054833,1.000000,
Tue 2020-08-11 00:00,Sun 2021-02-07 00:00,10.000000,180.000000,11869.932234,0.675169,0.642903,1.012284,0.092014,1.000000,
Wed 2020-08-12 00:00,Fri 2020-09-11 00:00,11.000000,30.000000,11701.394737,0.561351,0.518658,3.830937,-0.239222,1.000000,
Wed 2020-08-12 00:00,Sun 2020-10-11 00:00,11.000000,60.000000,11800.805861,0.618348,0.582980,2.328777,-0.183856,1.000000,
Wed 2020-08-12 00:00,Tue 2020-11-10 00:00,11.000000,90.000000,11874.157509,0.641627,0.601169,1.960248,-0.139094,1.000000,
Wed 2020-08-12 00:00,Thu 2020-12-10 00:00,11.000000,120.000000,11947.509158,0.657637,0.619359,1.591719,-0.094332,1.000000,
Wed 2020-08-12 00:00,Sat 2021-01-09 00:00,11.000000,150.000000,12019.490842,0.677023,0.644095,1.236973,-0.027749,1.000000,
Wed 2020-08-12 00:00,Mon 2021-02-08 00:00,11.000000,180.000000,12090.040293,0.701662,0.675676,0.896635,0.061645,1.000000,
Thu 2020-08-13 00:00,Sat 2020-09-12 00:00,12.000000,30.000000,11946.576923,0.564842,0.524592,3.749985,-0.255609,1.000000,
Thu 2020-08-13 00:00,Mon 2020-10-12 00:00,12.000000,60.000000,12054.111722,0.621594,0.585787,2.366458,-0.200004,1.000000,
Thu 2020-08-13 00:00,Wed 2020-11-11 00:00,12.000000,90.000000,12138.012821,0.645994,0.607533,1.960189,-0.173932,1.000000,
Thu 2020-08-13 00:00,Fri 2020-12-11 00:00,12.000000,120.000000,12221.913919,0.662593,0.629279,1.553921,-0.147860,1.000000,
Thu 2020-08-13 00:00,Sun 2021-01-10 00:00,12.000000,150.000000,12297.034799,0.671174,0.641931,1.222128,-0.075452,1.000000,
Thu 2020-08-13 00:00,Tue 2021-02-09 00:00,12.000000,180.000000,12364.122711,0.673200,0.646264,0.958473,0.039348,1.000000,
Fri 2020-08-14 00:00,Sun 2020-09-13 00:00,13.000000,30.000000,11914.291339,0.606602,0.566210,3.522744,-0.206090,1.000000,
Fri 2020-08-14 00:00,Tue 2020-10-13 00:00,13.000000,60.000000,12019.199634,0.666286,0.633301,2.205790,-0.194775,1.000000,
Fri 2020-08-14 00:00,Thu 2020-11-12 00:00,13.000000,90.000000,12103.595238,0.686069,0.651223,1.810987,-0.163229,1.000000,
Fri 2020-08-14 00:00,Sat 2020-12-12 00:00,13.000000,120.000000,12187.990842,0.698611,0.669144,1.416183,-0.131683,1.000000,
Fri 2020-08-14 00:00,Mon 2021-01-11 00:00,13.000000,150.000000,12266.800366,0.699953,0.671713,1.169835,-0.067245,1.000000,
Fri 2020-08-14 00:00,Wed 2021-02-10 00:00,13.000000,180.000000,12341.141026,0.693666,0.661999,1.042249,0.023507,1.000000,
Sat 2020-08-15 00:00,Mon 2020-09-14 00:00,14.000000,30.000000,12028.629032,0.685218,0.642523,3.393324,-0.188768,1.000000,
Sat 2020-08-15 00:00,Wed 2020-10-14 00:00,14.000000,60.000000,12140.987179,0.722120,0.682377,2.226796,-0.134287,1.000000,
Sat 2020-08-15 00:00,Fri 2020-11-13 00:00,14.000000,90.000000,12223.734432,0.746496,0.705127,1.769868,-0.077893,1.000000,
Sat 2020-08-15 00:00,Sun 2020-12-13 00:00,14.000000,120.000000,12306.481685,0.761705,0.727877,1.312940,-0.021498,1.000000,
Sat 2020-08-15 00:00,Tue 2021-01-12 00:00,14.000000,150.000000,12386.316850,0.759350,0.727302,1.077405,0.040749,1.000000,
Sat 2020-08-15 00:00,Thu 2021-02-11 00:00,14.000000,180.000000,12464.119048,0.746644,0.710443,0.996428,0.107081,1.000000,
Sun 2020-08-16 00:00,Tue 2020-09-15 00:00,15.000000,30.000000,12103.433884,0.698837,0.650168,3.596060,-0.190902,1.000000,
Sun 2020-08-16 00:00,Thu 2020-10-15 00:00,15.000000,60.000000,12221.243590,0.779021,0.744240,2.043839,-0.146482,1.000000,
Sun 2020-08-16 00:00,Sat 2020-11-14 00:00,15.000000,90.000000,12310.089744,0.789238,0.750473,1.655517,-0.067242,1.000000,
Sun 2020-08-16 00:00,Mon 2020-12-14 00:00,15.000000,120.000000,12398.935897,0.791485,0.756705,1.267195,0.011998,1.000000,
Sun 2020-08-16 00:00,Wed 2021-01-13 00:00,15.000000,150.000000,12481.935897,0.789250,0.757512,0.994751,0.094423,1.000000,
Sun 2020-08-16 00:00,Fri 2021-02-12 00:00,15.000000,180.000000,12561.386447,0.784488,0.755023,0.792660,0.178781,1.000000,
Mon 2020-08-17 00:00,Wed 2020-09-16 00:00,16.000000,30.000000,12491.694915,0.691450,0.643325,3.509489,-0.150420,1.000000,
Mon 2020-08-17 00:00,Fri 2020-10-16 00:00,16.000000,60.000000,12614.065934,0.740510,0.705181,2.048218,-0.113662,1.000000,
Mon 2020-08-17 00:00,Sun 2020-11-15 00:00,16.000000,90.000000,12708.516484,0.759566,0.722292,1.628885,-0.048612,1.000000,
Mon 2020-08-17 00:00,Tue 2020-12-15 00:00,16.000000,120.000000,12802.967033,0.770586,0.739404,1.209552,0.016437,1.000000,
Mon 2020-08-17 00:00,Thu 2021-01-14 00:00,16.000000,150.000000,12892.879121,0.777409,0.745297,1.065116,0.038843,1.000000,
Mon 2020-08-17 00:00,Sat 2021-02-13 00:00,16.000000,180.000000,12980.406593,0.784059,0.745297,1.065116,0.038843,1.000000,
Tue 2020-08-18 00:00,Thu 2020-09-17 00:00,17.000000,30.000000,12162.913043,0.663611,0.617434,3.618793,-0.206031,1.000000,
Tue 2020-08-18 00:00,Sat 2020-10-17 00:00,17.000000,60.000000,12267.571429,0.721640,0.683611,2.204727,-0.149272,1.000000,
Tue 2020-08-18 00:00,Mon 2020-11-16 00:00,17.000000,90.000000,12334.824176,0.742115,0.700897,1.753098,-0.063780,1.000000,
Tue 2020-08-18 00:00,Wed 2020-12-16 00:00,17.000000,120.000000,12402.076923,0.753404,0.718183,1.301469,0.021713,1.000000,
Tue 2020-08-18 00:00,Fri 2021-01-15 00:00,17.000000,150.000000,12488.633700,0.757213,0.722968,1.067075,0.097348,1.000000,
Tue 2020-08-18 00:00,Sun 2021-02-14 00:00,17.000000,180.000000,12583.908425,0.757897,0.722108,0.930787,0.168533,1.000000,
Wed 2020-08-19 00:00,Fri 2020-09-18 00:00,18.000000,30.000000,11870.973214,0.628918,0.583253,3.758941,-0.236065,1.000000,
Wed 2020-08-19 00:00,Sun 2020-10-18 00:00,18.000000,60.000000,11942.582418,0.685038,0.643410,2.338123,-0.138536,1.000000,
Wed 2020-08-19 00:00,Tue 2020-11-17 00:00,18.000000,90.000000,12002.912088,0.710497,0.665922,1.852544,-0.054832,1.000000,
Wed 2020-08-19 00:00,Thu 2020-12-17 00:00,18.000000,120.000000,12063.241758,0.725882,0.688435,1.366966,0.028871,1.000000,
Wed 2020-08-19 00:00,Sat 2021-01-16 00:00,18.000000,150.000000,12146.666667,0.735543,0.699227,1.125346,0.098168,1.000000,
Wed 2020-08-19 00:00,Mon 2021-02-15 00:00,18.000000,180.000000,12238.974359,0.742942,0.705512,0.977555,0.161925,1.000000,
Thu 2020-08-20 00:00,Sat 2020-09-19 00:00,19.000000,30.000000,11925.321101,0.591193,0.542131,3.885559,-0.183281,1.000000,
Thu 2020-08-20 00:00,Mon 2020-10-19 00:00,19.000000,60.000000,12019.443223,0.665792,0.623610,2.358307,-0.121925,1.000000,
Thu 2020-08-20 00:00,Wed 2020-11-18 00:00,19.000000,90.000000,12123.948718,0.707382,0.664839,1.787504,-0.032995,1.000000,
Thu 2020-08-20 00:00,Fri 2020-12-18 00:00,19.000000,120.000000,12228.454212,0.737984,0.706068,1.216702,0.055935,1.000000,
Thu 2020-08-20 00:00,Sun 2021-01-17 00:00,19.000000,150.000000,12308.051282,0.741702,0.709628,1.025405,0.118174,1.000000,
Thu 2020-08-20 00:00,Tue 2021-02-16 00:00,19.000000,180.000000,12379.589744,0.737218,0.701001,0.956889,0.171779,1.000000,
Fri 2020-08-21 00:00,Sun 2020-09-20 00:00,20.000000,30.000000,11749.283019,0.605540,0.565273,3.406968,-0.147980,1.000000,
Fri 2020-08-21 00:00,Tue 2020-10-20 00:00,20.000000,60.000000,11857.663004,0.664751,0.619982,2.388731,-0.090989,1.000000,
Fri 2020-08-21 00:00,Thu 2020-11-19 00:00,20.000000,90.000000,11942.388278,0.684246,0.636376,1.898690,0.002828,1.000000,
Fri 2020-08-21 00:00,Sat 2020-12-19 00:00,20.000000,120.000000,12027.113553,0.693226,0.652770,1.408648,0.096645,1.000000,
Fri 2020-08-21 00:00,Mon 2021-01-18 00:00,20.000000,150.000000,12099.485348,0.700321,0.659872,1.202632,0.147636,1.000000,
Fri 2020-08-21 00:00,Wed 2021-02-17 00:00,20.000000,180.000000,12168.551282,0.706301,0.664489,1.072622,0.187166,1.000000,
Sat 2020-08-22 00:00,Mon 2020-09-21 00:00,21.000000,30.000000,11774.305825,0.556824,0.517394,3.570459,-0.182375,1.000000,
Sat 2020-08-22 00:00,Wed 2020-10-21 00:00,21.000000,60.000000,11853.294872,0.642738,0.599773,2.428224,-0.128018,1.000000,
Sat 2020-08-22 00:00,Fri 2020-11-20 00:00,21.000000,90.000000,11929.613553,0.696650,0.655234,1.808996,-0.061302,1.000000,
Sat 2020-08-22 00:00,Sun 2020-12-20 00:00,21.000000,120.000000,12005.932234,0.739081,0.710696,1.189769,0.005414,1.000000,
Sat 2020-08-22 00:00,Tue 2021-01-19 00:00,21.000000,150.000000,12071.137363,0.749660,0.721426,0.973699,0.083593,1.000000,
Sat 2020-08-22 00:00,Thu 2021-02-18 00:00,21.000000,180.000000,12133.939560,0.752648,0.722485,0.844798,0.164251,1.000000,
Sun 2020-08-23 00:00,Tue 2020-09-22 00:00,22.000000,30.000000,11685.150000,0.567412,0.527301,3.545765,-0.169547,1.000000,
Sun 2020-08-23 00:00,Thu 2020-10-22 00:00,22.000000,60.000000,11758.829670,0.640567,0.594197,2.500200,-0.108554,1.000000,
Sun 2020-08-23 00:00,Sat 2020-11-21 00:00,22.000000,90.000000,11837.950549,0.689222,0.644008,1.881981,-0.043562,1.000000,
Sun 2020-08-23 00:00,Mon 2020-12-21 00:00,22.000000,120.000000,11917.071429,0.725835,0.693819,1.263762,0.021431,1.000000,
Sun 2020-08-23 00:00,Wed 2021-01-20 00:00,22.000000,150.000000,11977.012821,0.728805,0.694817,1.100256,0.086029,1.000000,
Sun 2020-08-23 00:00,Fri 2021-02-19 00:00,22.000000,180.000000,12033.716117,0.725575,0.687574,1.013520,0.150561,1.000000,
Mon 2020-08-24 00:00,Wed 2020-09-23 00:00,23.000000,30.000000,11870.881443,0.557111,0.517352,3.507760,-0.138634,1.000000,
Mon 2020-08-24 00:00,Fri 2020-10-23 00:00,23.000000,60.000000,11958.655678,0.633518,0.586240,2.507330,-0.084506,1.000000,
Mon 2020-08-24 00:00,Sun 2020-11-22 00:00,23.000000,90.000000,12045.029304,0.686927,0.643112,1.840129,-0.030305,1.000000,
Mon 2020-08-24 00:00,Tue 2020-12-22 00:00,23.000000,120.000000,12131.402930,0.728007,0.699984,1.172928,0.023897,1.000000,
Mon 2020-08-24 00:00,Thu 2021-01-21 00:00,23.000000,150.000000,12193.454212,0.727770,0.697111,1.043254,0.080713,1.000000,
Mon 2020-08-24 00:00,Sat 2021-02-20 00:00,23.000000,180.000000,12252.465201,0.721985,0.686770,0.980771,0.137856,1.000000,
Tue 2020-08-25 00:00,Thu 2020-09-24 00:00,24.000000,30.000000,11376.680851,0.548899,0.514506,3.430983,-0.221054,1.000000,
Tue 2020-08-25 00:00,Sat 2020-10-24 00:00,24.000000,60.000000,11450.666667,0.611137,0.565472,2.583658,-0.141068,1.000000,
Tue 2020-08-25 00:00,Mon 2020-11-23 00:00,24.000000,90.000000,11525.666667,0.655915,0.610694,1.940841,-0.053000,1.000000,
Tue 2020-08-25 00:00,Wed 2020-12-23 00:00,24.000000,120.000000,11600.666667,0.688300,0.655916,1.298025,0.035069,1.000000,
Tue 2020-08-25 00:00,Fri 2021-01-22 00:00,24.000000,150.000000,11656.512821,0.697285,0.663379,1.124136,0.095401,1.000000,
Tue 2020-08-25 00:00,Sun 2021-02-21 00:00,24.000000,180.000000,11710.743590,0.702865,0.667658,0.989796,0.153395,1.000000,
Wed 2020-08-26 00:00,Fri 2020-09-25 00:00,25.000000,30.000000,11375.093407,0.530731,0.493312,3.587732,-0.198865,1.000000,
Wed 2020-08-26 00:00,Sun 2020-10-25 00:00,25.000000,60.000000,11444.091575,0.610878,0.558784,2.748289,-0.129972,1.000000,
Wed 2020-08-26 00:00,Tue 2020-11-24 00:00,25.000000,90.000000,11514.970696,0.669492,0.622053,1.977174,-0.059879,1.000000,
Wed 2020-08-26 00:00,Thu 2020-12-24 00:00,25.000000,120.000000,11585.849817,0.713623,0.685322,1.206059,0.010214,1.000000,
Wed 2020-08-26 00:00,Sat 2021-01-23 00:00,25.000000,150.000000,11637.827839,0.715396,0.684055,1.069905,0.078875,1.000000,
Wed 2020-08-26 00:00,Mon 2021-02-22 00:00,25.000000,180.000000,11688.926740,0.713884,0.679786,0.963285,0.147469,1.000000,
Thu 2020-08-27 00:00,Sat 2020-09-26 00:00,26.000000,30.000000,11611.432234,0.571398,0.543061,3.137622,-0.253549,1.000000,
Thu 2020-08-27 00:00,Mon 2020-10-26 00:00,26.000000,60.000000,11675.882784,0.624374,0.581283,2.532929,-0.171482,1.000000,
Thu 2020-08-27 00:00,Wed 2020-11-25 00:00,26.000000,90.000000,11740.333333,0.662694,0.619505,1.928237,-0.089414,1.000000,
Thu 2020-08-27 00:00,Fri 2020-12-25 00:00,26.000000,120.000000,11804.783883,0.689490,0.657727,1.323545,-0.007347,1.000000,
Thu 2020-08-27 00:00,Sun 2021-01-24 00:00,26.000000,150.000000,11857.987179,0.693643,0.658419,1.181888,0.059516,1.000000,
Thu 2020-08-27 00:00,Tue 2021-02-23 00:00,26.000000,180.000000,11911.064103,0.695582,0.658690,1.045433,0.126208,1.000000,
Fri 2020-08-28 00:00,Sun 2020-09-27 00:00,27.000000,30.000000,11520.626374,0.523211,0.491836,3.314937,-0.204806,1.000000,
Fri 2020-08-28 00:00,Tue 2020-10-27 00:00,27.000000,60.000000,11585.901099,0.579220,0.560363,1.545136,0.021774,1.000000,
Fri 2020-08-28 00:00,Thu 2020-11-26 00:00,27.000000,90.000000,11651.175824,0.642117,0.621730,1.259924,-0.003949,1.000000,
Fri 2020-08-28 00:00,Sat 2020-12-26 00:00,27.000000,120.000000,11716.278388,0.703680,0.680888,1.159411,-0.058002,1.000000,
Fri 2020-08-28 00:00,Mon 2021-01-25 00:00,27.000000,150.000000,11773.805861,0.708578,0.682271,1.020461,0.029067,1.000000,
Fri 2020-08-28 00:00,Wed 2021-02-24 00:00,27.000000,180.000000,11831.333333,0.711695,0.683653,0.881511,0.116136,1.000000,
Sat 2020-08-29 00:00,Mon 2020-09-28 00:00,28.000000,30.000000,11557.756410,0.489614,0.457588,3.325063,-0.127802,1.000000,
Sat 2020-08-29 00:00,Wed 2020-10-28 00:00,28.000000,60.000000,11628.141026,0.584277,0.570616,1.347234,-0.032493,1.000000,
Sat 2020-08-29 00:00,Fri 2020-11-27 00:00,28.000000,90.000000,11698.525641,0.630171,0.611008,1.266059,-0.038492,1.000000,
Sat 2020-08-29 00:00,Sun 2020-12-27 00:00,28.000000,120.000000,11768.232601,0.673344,0.643883,1.331006,-0.047741,1.000000,
Sat 2020-08-29 00:00,Tue 2021-01-26 00:00,28.000000,150.000000,11826.419414,0.685560,0.653111,1.160710,0.033016,1.000000,
Sat 2020-08-29 00:00,Thu 2021-02-25 00:00,28.000000,180.000000,11884.606227,0.695474,0.662340,0.990414,0.113773,1.000000,
Sun 2020-08-30 00:00,Tue 2020-09-29 00:00,29.000000,30.000000,11688.307692,0.543465,0.513160,3.104083,-0.148891,1.000000,
Sun 2020-08-30 00:00,Thu 2020-10-29 00:00,29.000000,60.000000,11764.461538,0.591137,0.575921,1.427034,-0.045896,1.000000,
Sun 2020-08-30 00:00,Sat 2020-11-28 00:00,29.000000,90.000000,11840.615385,0.638284,0.617417,1.288987,-0.014351,1.000000,
Sun 2020-08-30 00:00,Mon 2020-12-28 00:00,29.000000,120.000000,11914.835165,0.683747,0.656290,1.204497,0.021724,1.000000,
Sun 2020-08-30 00:00,Wed 2021-01-27 00:00,29.000000,150.000000,11969.230769,0.704851,0.678411,0.935245,0.138290,1.000000,
Sun 2020-08-30 00:00,Fri 2021-02-26 00:00,29.000000,180.000000,12023.626374,0.722936,0.700532,0.665993,0.254856,1.000000,
Mon 2020-08-31 00:00,Wed 2020-09-30 00:00,30.000000,30.000000,11810.256410,0.533011,0.495223,3.468436,-0.123530,1.000000,
Mon 2020-08-31 00:00,Fri 2020-10-30 00:00,30.000000,60.000000,11895.476190,0.594361,0.581170,1.329355,-0.049245,1.000000,
Mon 2020-08-31 00:00,Sun 2020-11-29 00:00,30.000000,90.000000,11980.695971,0.623031,0.600119,1.349071,0.007737,1.000000,
Mon 2020-08-31 00:00,Tue 2020-12-29 00:00,30.000000,120.000000,12062.551282,0.654935,0.620743,1.350474,0.066733,1.000000,
Mon 2020-08-31 00:00,Thu 2021-01-28 00:00,30.000000,150.000000,12120.243590,0.690029,0.658806,1.046157,0.141596,1.000000,
Mon 2020-08-31 00:00,Sat 2021-02-27 00:00,30.000000,180.000000,12177.935897,0.721818,0.696868,0.741840,0.216458,1.000000,
Tue 2020-09-01 00:00,Thu 2020-10-01 00:00,31.000000,30.000000,12076.192308,0.529065,0.491009,3.506031,-0.131579,1.000000,
Tue 2020-09-01 00:00,Sat 2020-10-31 00:00,31.000000,60.000000,12159.269231,0.598849,0.580027,1.513514,0.024825,1.000000,
Tue 2020-09-01 00:00,Mon 2020-11-30 00:00,31.000000,90.000000,12242.346154,0.651512,0.631050,1.178925,0.082560,1.000000,
Tue 2020-09-01 00:00,Wed 2020-12-30 00:00,31.000000,120.000000,12323.012821,0.677610,0.651484,1.218904,-0.019071,1.000000,
Tue 2020-09-01 00:00,Fri 2021-01-29 00:00,31.000000,150.000000,12390.595238,0.688784,0.661084,1.070689,0.024555,1.000000,
Tue 2020-09-01 00:00,Sun 2021-02-28 00:00,31.000000,180.000000,12458.177656,0.698176,0.670684,0.922473,0.068181,1.000000,
Wed 2020-09-02 00:00,Fri 2020-10-02 00:00,32.000000,30.000000,12076.840659,0.834997,0.819328,1.954212,-0.179061,1.000000,
Wed 2020-09-02 00:00,Sun 2020-11-01 00:00,32.000000,60.000000,12163.873626,0.674733,0.661383,1.186593,0.023278,1.000000,
Wed 2020-09-02 00:00,Tue 2020-12-01 00:00,32.000000,90.000000,12250.906593,0.736617,0.717382,1.014287,0.129678,1.000000,
Wed 2020-09-02 00:00,Thu 2020-12-31 00:00,32.000000,120.000000,12335.293040,0.742910,0.727604,0.891523,-0.021124,1.000000,
Wed 2020-09-02 00:00,Sat 2021-01-30 00:00,32.000000,150.000000,12408.315018,0.727018,0.704356,0.929194,0.028119,1.000000,
Wed 2020-09-02 00:00,Mon 2021-03-01 00:00,32.000000,180.000000,12481.336996,0.712156,0.681108,0.966864,0.077363,1.000000,
Thu 2020-09-03 00:00,Sat 2020-10-03 00:00,33.000000,30.000000,11408.586081,0.528749,0.487643,3.668751,-0.142691,1.000000,
Thu 2020-09-03 00:00,Mon 2020-11-02 00:00,33.000000,60.000000,11469.575092,0.602994,0.582713,1.521032,0.089885,1.000000,
Thu 2020-09-03 00:00,Wed 2020-12-02 00:00,33.000000,90.000000,11530.564103,0.679778,0.658501,1.108107,0.173905,1.000000,
Thu 2020-09-03 00:00,Fri 2021-01-01 00:00,33.000000,120.000000,11591.333333,0.713397,0.684473,1.230513,-0.000002,1.000000,
Thu 2020-09-03 00:00,Sun 2021-01-31 00:00,33.000000,150.000000,11651.333333,0.710375,0.677279,1.129410,0.054350,1.000000,
Thu 2020-09-03 00:00,Tue 2021-03-02 00:00,33.000000,180.000000,11711.333333,0.705829,0.670086,1.028306,0.108701,1.000000,
Fri 2020-09-04 00:00,Sun 2020-10-04 00:00,34.000000,30.000000,10531.738095,0.617333,0.578613,3.266059,-0.121589,1.000000,
Fri 2020-09-04 00:00,Tue 2020-11-03 00:00,34.000000,60.000000,10581.023810,0.675049,0.656559,1.256699,0.241663,1.000000,
Fri 2020-09-04 00:00,Thu 2020-12-03 00:00,34.000000,90.000000,10630.309524,0.692180,0.668996,1.231715,0.063432,1.000000,
Fri 2020-09-04 00:00,Sat 2021-01-02 00:00,34.000000,120.000000,10676.183150,0.698959,0.667837,1.357299,-0.059400,1.000000,
Fri 2020-09-04 00:00,Mon 2021-02-01 00:00,34.000000,150.000000,10712.117216,0.712732,0.680702,1.197399,-0.036078,1.000000,
Fri 2020-09-04 00:00,Wed 2021-03-03 00:00,34.000000,180.000000,10748.051282,0.724311,0.693566,1.037499,-0.012756,1.000000,
Sat 2020-09-05 00:00,Mon 2020-10-05 00:00,35.000000,30.000000,10052.800366,0.655783,0.614555,3.496112,-0.230631,1.000000,
Sat 2020-09-05 00:00,Wed 2020-11-04 00:00,35.000000,60.000000,10092.525641,0.624981,0.591675,2.034776,-0.015908,1.000000,
Sat 2020-09-05 00:00,Fri 2020-12-04 00:00,35.000000,90.000000,10132.250916,0.688032,0.658453,1.387334,0.094646,1.000000,
Sat 2020-09-05 00:00,Sun 2021-01-03 00:00,35.000000,120.000000,10173.309524,0.749713,0.725181,1.088744,0.010500,1.000000,
Sat 2020-09-05 00:00,Tue 2021-02-02 00:00,35.000000,150.000000,10217.650183,0.746328,0.718962,1.020305,0.019819,1.000000,
Sat 2020-09-05 00:00,Thu 2021-03-04 00:00,35.000000,180.000000,10261.990842,0.741830,0.712744,0.951866,0.029139,1.000000,
Sun 2020-09-06 00:00,Tue 2020-10-06 00:00,36.000000,30.000000,10265.069597,0.673909,0.632228,3.466747,-0.227467,1.000000,
Sun 2020-09-06 00:00,Thu 2020-11-05 00:00,36.000000,60.000000,10301.827839,0.692447,0.662073,1.851880,-0.028503,1.000000,
Sun 2020-09-06 00:00,Sat 2020-12-05 00:00,36.000000,90.000000,10338.586081,0.735699,0.707318,1.428934,-0.037404,1.000000,
Sun 2020-09-06 00:00,Mon 2021-01-04 00:00,36.000000,120.000000,10378.159341,0.737807,0.706596,1.314497,-0.050465,1.000000,
Sun 2020-09-06 00:00,Wed 2021-02-03 00:00,36.000000,150.000000,10423.653846,0.732822,0.698471,1.194045,-0.009580,1.000000,
Sun 2020-09-06 00:00,Fri 2021-03-05 00:00,36.000000,180.000000,10469.148352,0.725972,0.690345,1.073593,0.031306,1.000000,
Mon 2020-09-07 00:00,Wed 2020-10-07 00:00,37.000000,30.000000,10157.564103,0.678293,0.637431,3.342928,-0.192437,1.000000,
Mon 2020-09-07 00:00,Fri 2020-11-06 00:00,37.000000,60.000000,10215.586081,0.709165,0.681601,1.727317,-0.016097,1.000000,
Mon 2020-09-07 00:00,Sun 2020-12-06 00:00,37.000000,90.000000,10273.608059,0.735298,0.707454,1.372824,0.000966,1.000000,
Mon 2020-09-07 00:00,Tue 2021-01-05 00:00,37.000000,120.000000,10328.934066,0.769518,0.741729,1.229129,-0.059991,1.000000,
Mon 2020-09-07 00:00,Thu 2021-02-04 00:00,37.000000,150.000000,10379.373626,0.767756,0.738276,1.074393,-0.007838,1.000000,
Mon 2020-09-07 00:00,Sat 2021-03-06 00:00,37.000000,180.000000,10429.813187,0.763890,0.734822,0.919658,0.044316,1.000000,
Tue 2020-09-08 00:00,Thu 2020-10-08 00:00,38.000000,30.000000,10167.188645,0.678459,0.629642,3.744398,-0.230204,1.000000,
Tue 2020-09-08 00:00,Sat 2020-11-07 00:00,38.000000,60.000000,10220.924908,0.719362,0.691799,1.713264,-0.014827,1.000000,
Tue 2020-09-08 00:00,Mon 2020-12-07 00:00,38.000000,90.000000,10274.661172,0.738955,0.711430,1.339581,0.021648,1.000000,
Tue 2020-09-08 00:00,Wed 2021-01-06 00:00,38.000000,120.000000,10330.384615,0.763494,0.735808,1.156946,0.002427,1.000000,
Tue 2020-09-08 00:00,Fri 2021-02-05 00:00,38.000000,150.000000,10389.230769,0.754685,0.723375,1.083351,0.025235,1.000000,
Tue 2020-09-08 00:00,Sun 2021-03-07 00:00,38.000000,180.000000,10448.076923,0.744643,0.710942,1.009757,0.048043,1.000000,
Wed 2020-09-09 00:00,Fri 2020-10-09 00:00,39.000000,30.000000,10329.728938,0.679145,0.630087,3.736921,-0.224360,1.000000,
Wed 2020-09-09 00:00,Sun 2020-11-08 00:00,39.000000,60.000000,10381.816850,0.711944,0.683323,1.788405,-0.043481,1.000000,
Wed 2020-09-09 00:00,Tue 2020-12-08 00:00,39.000000,90.000000,10433.904762,0.746635,0.715935,1.443765,-0.009287,1.000000,
Wed 2020-09-09 00:00,Thu 2021-01-07 00:00,39.000000,120.000000,10486.271062,0.757741,0.722931,1.348506,-0.032278,1.000000,
Wed 2020-09-09 00:00,Sat 2021-02-06 00:00,39.000000,150.000000,10539.018315,0.765692,0.731821,1.121787,0.023908,1.000000,
Wed 2020-09-09 00:00,Mon 2021-03-08 00:00,39.000000,180.000000,10591.765568,0.770645,0.740712,0.895069,0.080094,1.000000,
Thu 2020-09-10 00:00,Sat 2020-10-10 00:00,40.000000,30.000000,10388.694139,0.625850,0.572106,3.820262,-0.104106,1.000000,
Thu 2020-09-10 00:00,Mon 2020-11-09 00:00,40.000000,60.000000,10432.045788,0.687428,0.653225,1.908101,0.042635,1.000000,
Thu 2020-09-10 00:00,Wed 2020-12-09 00:00,40.000000,90.000000,10475.397436,0.747167,0.716717,1.411576,0.014644,1.000000,
Thu 2020-09-10 00:00,Fri 2021-01-08 00:00,40.000000,120.000000,10521.302198,0.754406,0.720897,1.333457,-0.038899,1.000000,
Thu 2020-09-10 00:00,Sun 2021-02-07 00:00,40.000000,150.000000,10570.258242,0.753028,0.717642,1.170248,0.013601,1.000000,
Thu 2020-09-10 00:00,Tue 2021-03-09 00:00,40.000000,180.000000,10619.214286,0.749190,0.714388,1.007038,0.066100,1.000000,
Fri 2020-09-11 00:00,Sun 2020-10-11 00:00,41.000000,30.000000,10345.626374,0.598183,0.576738,2.483072,-0.135534,1.000000,
Fri 2020-09-11 00:00,Tue 2020-11-10 00:00,41.000000,60.000000,10383.208791,0.663661,0.631088,1.937375,-0.004036,1.000000,
Fri 2020-09-11 00:00,Thu 2020-12-10 00:00,41.000000,90.000000,10420.791209,0.726502,0.697243,1.404500,0.013960,1.000000,
Fri 2020-09-11 00:00,Sat 2021-01-09 00:00,41.000000,120.000000,10458.695971,0.751633,0.720644,1.225715,0.013505,1.000000,
Fri 2020-09-11 00:00,Mon 2021-02-08 00:00,41.000000,150.000000,10496.937729,0.750901,0.719193,1.079304,0.039921,1.000000,
Fri 2020-09-11 00:00,Wed 2021-03-10 00:00,41.000000,180.000000,10535.179487,0.748069,0.717742,0.932894,0.066337,1.000000,
Sat 2020-09-12 00:00,Mon 2020-10-12 00:00,42.000000,30.000000,10375.745421,0.583625,0.563149,2.571982,-0.206557,1.000000,
Sat 2020-09-12 00:00,Wed 2020-11-11 00:00,42.000000,60.000000,10413.987179,0.652115,0.619930,1.999182,-0.057823,1.000000,
Sat 2020-09-12 00:00,Fri 2020-12-11 00:00,42.000000,90.000000,10452.228938,0.700974,0.668698,1.513647,0.008877,1.000000,
Sat 2020-09-12 00:00,Sun 2021-01-10 00:00,42.000000,120.000000,10492.020147,0.714655,0.679846,1.346332,0.008014,1.000000,
Sat 2020-09-12 00:00,Tue 2021-02-09 00:00,42.000000,150.000000,10533.228938,0.728737,0.694778,1.151317,0.028944,1.000000,
Sat 2020-09-12 00:00,Thu 2021-03-11 00:00,42.000000,180.000000,10574.437729,0.740126,0.709710,0.956301,0.049874,1.000000,
Sun 2020-09-13 00:00,Tue 2020-10-13 00:00,43.000000,30.000000,10357.767399,0.544773,0.514878,3.069107,-0.142305,1.000000,
Sun 2020-09-13 00:00,Thu 2020-11-12 00:00,43.000000,60.000000,10398.976190,0.612412,0.567509,2.359552,0.047367,1.000000,
Sun 2020-09-13 00:00,Sat 2020-12-12 00:00,43.000000,90.000000,10440.184982,0.700652,0.659446,1.657795,0.086417,1.000000,
Sun 2020-09-13 00:00,Mon 2021-01-11 00:00,43.000000,120.000000,10486.338828,0.739480,0.700623,1.340038,0.071980,1.000000,
Sun 2020-09-13 00:00,Wed 2021-02-10 00:00,43.000000,150.000000,10536.448718,0.737853,0.699546,1.172993,0.080183,1.000000,
Sun 2020-09-13 00:00,Fri 2021-03-12 00:00,43.000000,180.000000,10586.558608,0.733528,0.698470,1.005948,0.088387,1.000000,
Mon 2020-09-14 00:00,Wed 2020-10-14 00:00,44.000000,30.000000,10443.448718,0.539075,0.508552,3.239122,-0.211364,1.000000,
Mon 2020-09-14 00:00,Fri 2020-11-13 00:00,44.000000,60.000000,10485.152015,0.616617,0.582555,2.087686,-0.030737,1.000000,
Mon 2020-09-14 00:00,Sun 2020-12-13 00:00,44.000000,90.000000,10526.855311,0.688071,0.657762,1.423969,0.071807,1.000000,
Mon 2020-09-14 00:00,Tue 2021-01-12 00:00,44.000000,120.000000,10567.199634,0.716225,0.684086,1.224950,0.078081,1.000000,
Mon 2020-09-14 00:00,Thu 2021-02-11 00:00,44.000000,150.000000,10606.595238,0.734273,0.704984,0.991231,0.103654,1.000000,
Mon 2020-09-14 00:00,Sat 2021-03-13 00:00,44.000000,180.000000,10645.990842,0.749620,0.725881,0.757512,0.129227,1.000000,
Tue 2020-09-15 00:00,Thu 2020-10-15 00:00,45.000000,30.000000,10731.822344,0.527458,0.493080,3.318534,-0.122957,1.000000,
Tue 2020-09-15 00:00,Sat 2020-11-14 00:00,45.000000,60.000000,10783.415751,0.600430,0.564567,2.084910,0.088532,1.000000,
Tue 2020-09-15 00:00,Mon 2020-12-14 00:00,45.000000,90.000000,10835.009158,0.668804,0.633870,1.539120,0.110926,1.000000,
Tue 2020-09-15 00:00,Wed 2021-01-13 00:00,45.000000,120.000000,10883.935897,0.695490,0.658416,1.343263,0.089157,1.000000,
Tue 2020-09-15 00:00,Fri 2021-02-12 00:00,45.000000,150.000000,10931.243590,0.708288,0.672659,1.134577,0.107925,1.000000,
Tue 2020-09-15 00:00,Sun 2021-03-14 00:00,45.000000,180.000000,10978.551282,0.718201,0.686901,0.925891,0.126692,1.000000,
Wed 2020-09-16 00:00,Fri 2020-10-16 00:00,46.000000,30.000000,11113.943223,0.545186,0.508188,3.505019,-0.189863,1.000000,
Wed 2020-09-16 00:00,Sun 2020-11-15 00:00,46.000000,60.000000,11181.360806,0.621443,0.584035,2.107460,0.061937,1.000000,
Wed 2020-09-16 00:00,Tue 2020-12-15 00:00,46.000000,90.000000,11248.778388,0.664708,0.627118,1.655925,0.048132,1.000000,
Wed 2020-09-16 00:00,Thu 2021-01-14 00:00,46.000000,120.000000,11302.040293,0.676687,0.636387,1.485378,0.024336,1.000000,
Wed 2020-09-16 00:00,Sat 2021-02-13 00:00,46.000000,150.000000,11347.864469,0.682966,0.642911,1.298477,0.039562,1.000000,
Wed 2020-09-16 00:00,Mon 2021-03-15 00:00,46.000000,180.000000,11393.688645,0.686364,0.649435,1.111576,0.054789,1.000000,
Thu 2020-09-17 00:00,Sat 2020-10-17 00:00,47.000000,30.000000,11048.261905,0.504113,0.460656,3.778756,-0.076983,1.000000,
Thu 2020-09-17 00:00,Mon 2020-11-16 00:00,47.000000,60.000000,11131.009158,0.617991,0.581816,2.061602,0.084549,1.000000,
Thu 2020-09-17 00:00,Wed 2020-12-16 00:00,47.000000,90.000000,11213.756410,0.661348,0.625016,1.602804,0.084651,1.000000,
Thu 2020-09-17 00:00,Fri 2021-01-15 00:00,47.000000,120.000000,11270.159341,0.666139,0.625695,1.471567,0.060909,1.000000,
Thu 2020-09-17 00:00,Sun 2021-02-14 00:00,47.000000,150.000000,11314.664835,0.673600,0.632711,1.295353,0.075226,1.000000,
Thu 2020-09-17 00:00,Tue 2021-03-16 00:00,47.000000,180.000000,11359.170330,0.678265,0.639726,1.119138,0.089543,1.000000,
Fri 2020-09-18 00:00,Sun 2020-10-18 00:00,48.000000,30.000000,11016.415751,0.527700,0.500850,2.937094,-0.132923,1.000000,
Fri 2020-09-18 00:00,Tue 2020-11-17 00:00,48.000000,60.000000,11091.745421,0.619346,0.582443,2.074540,0.096994,1.000000,
Fri 2020-09-18 00:00,Thu 2020-12-17 00:00,48.000000,90.000000,11167.075092,0.657450,0.619883,1.636317,0.088431,1.000000,
Fri 2020-09-18 00:00,Sat 2021-01-16 00:00,48.000000,120.000000,11219.428571,0.662527,0.620673,1.498669,0.069037,1.000000,
Fri 2020-09-18 00:00,Mon 2021-02-15 00:00,48.000000,150.000000,11262.945055,0.670135,0.627695,1.320305,0.084474,1.000000,
Fri 2020-09-18 00:00,Wed 2021-03-17 00:00,48.000000,180.000000,11306.461538,0.674869,0.634716,1.141942,0.099910,1.000000,
Sat 2020-09-19 00:00,Mon 2020-10-19 00:00,49.000000,30.000000,11038.186813,0.405322,0.355975,4.645438,-0.141988,1.000000,
Sat 2020-09-19 00:00,Wed 2020-11-18 00:00,49.000000,60.000000,11113.846154,0.514165,0.470845,2.584341,0.002427,1.000000,
Sat 2020-09-19 00:00,Fri 2020-12-18 00:00,49.000000,90.000000,11189.505495,0.597335,0.557221,1.845924,0.021177,1.000000,
Sat 2020-09-19 00:00,Sun 2021-01-17 00:00,49.000000,120.000000,11239.633700,0.623250,0.580126,1.592182,0.054924,1.000000,
Sat 2020-09-19 00:00,Tue 2021-02-16 00:00,49.000000,150.000000,11281.501832,0.634922,0.591362,1.374816,0.103462,1.000000,
Sat 2020-09-19 00:00,Thu 2021-03-18 00:00,49.000000,180.000000,11323.369963,0.643410,0.602599,1.157450,0.151999,1.000000,
Sun 2020-09-20 00:00,Tue 2020-10-20 00:00,50.000000,30.000000,10943.684982,0.446122,0.402583,4.090708,-0.120748,1.000000,
Sun 2020-09-20 00:00,Thu 2020-11-19 00:00,50.000000,60.000000,11015.058608,0.530066,0.491147,2.427188,-0.034376,1.000000,
Sun 2020-09-20 00:00,Sat 2020-12-19 00:00,50.000000,90.000000,11086.432234,0.602078,0.566458,1.768972,-0.031214,1.000000,
Sun 2020-09-20 00:00,Mon 2021-01-18 00:00,50.000000,120.000000,11138.300366,0.620535,0.582550,1.530174,0.002160,1.000000,
Sun 2020-09-20 00:00,Wed 2021-02-17 00:00,50.000000,150.000000,11184.948718,0.622841,0.583173,1.359208,0.046355,1.000000,
Sun 2020-09-20 00:00,Fri 2021-03-19 00:00,50.000000,180.000000,11231.597070,0.622583,0.583796,1.188241,0.090551,1.000000,
Mon 2020-09-21 00:00,Wed 2020-10-21 00:00,51.000000,30.000000,10652.243590,0.508308,0.471137,3.540903,-0.137067,1.000000,
Mon 2020-09-21 00:00,Fri 2020-11-20 00:00,51.000000,60.000000,10707.463370,0.538969,0.502914,2.339658,-0.065372,1.000000,
Mon 2020-09-21 00:00,Sun 2020-12-20 00:00,51.000000,90.000000,10762.683150,0.617567,0.580972,1.775182,-0.035836,1.000000,
Mon 2020-09-21 00:00,Tue 2021-01-19 00:00,51.000000,120.000000,10814.379121,0.663178,0.629864,1.378083,0.000297,1.000000,
Mon 2020-09-21 00:00,Thu 2021-02-18 00:00,51.000000,150.000000,10865.313187,0.692382,0.666220,1.019090,0.042408,1.000000,
Mon 2020-09-21 00:00,Sat 2021-03-20 00:00,51.000000,180.000000,10916.247253,0.718840,0.702575,0.660097,0.084519,1.000000,
Tue 2020-09-22 00:00,Thu 2020-10-22 00:00,52.000000,30.000000,10498.705128,0.470517,0.429674,4.014857,-0.216912,1.000000,
Tue 2020-09-22 00:00,Sat 2020-11-21 00:00,52.000000,60.000000,10552.935897,0.540128,0.501565,2.487030,-0.122867,1.000000,
Tue 2020-09-22 00:00,Mon 2020-12-21 00:00,52.000000,90.000000,10607.166667,0.611577,0.574145,1.779920,-0.008609,1.000000,
Tue 2020-09-22 00:00,Wed 2021-01-20 00:00,52.000000,120.000000,10651.102564,0.629059,0.588832,1.538617,0.035068,1.000000,
Tue 2020-09-22 00:00,Fri 2021-02-19 00:00,52.000000,150.000000,10693.300366,0.636061,0.595402,1.345381,0.066508,1.000000,
Tue 2020-09-22 00:00,Sun 2021-03-21 00:00,52.000000,180.000000,10735.498168,0.640223,0.601972,1.152145,0.097947,1.000000,
Wed 2020-09-23 00:00,Fri 2020-10-23 00:00,53.000000,30.000000,10508.139194,0.461389,0.419639,4.058269,-0.196848,1.000000,
Wed 2020-09-23 00:00,Sun 2020-11-22 00:00,53.000000,60.000000,10544.073260,0.544866,0.507807,2.425178,-0.121738,1.000000,
Wed 2020-09-23 00:00,Tue 2020-12-22 00:00,53.000000,90.000000,10580.007326,0.618631,0.581880,1.735097,0.010685,1.000000,
Wed 2020-09-23 00:00,Thu 2021-01-21 00:00,53.000000,120.000000,10628.835165,0.631567,0.593451,1.478001,0.051284,1.000000,
Wed 2020-09-23 00:00,Sat 2021-02-20 00:00,53.000000,150.000000,10679.274725,0.634506,0.597930,1.261062,0.078909,1.000000,
Wed 2020-09-23 00:00,Mon 2021-03-22 00:00,53.000000,180.000000,10729.714286,0.634613,0.602408,1.044122,0.106534,1.000000,
Thu 2020-09-24 00:00,Sat 2020-10-24 00:00,54.000000,30.000000,10457.869963,0.494781,0.450654,3.995572,-0.175951,1.000000,
Thu 2020-09-24 00:00,Mon 2020-11-23 00:00,54.000000,60.000000,10502.210623,0.570870,0.535994,2.249257,-0.079515,1.000000,
Thu 2020-09-24 00:00,Wed 2020-12-23 00:00,54.000000,90.000000,10546.551282,0.634969,0.599781,1.674474,0.006880,1.000000,
Thu 2020-09-24 00:00,Fri 2021-01-22 00:00,54.000000,120.000000,10592.716117,0.651073,0.615269,1.428354,0.019964,1.000000,
Thu 2020-09-24 00:00,Sun 2021-02-21 00:00,54.000000,150.000000,10639.034799,0.659762,0.626870,1.201104,0.027045,1.000000,
Thu 2020-09-24 00:00,Tue 2021-03-23 00:00,54.000000,180.000000,10685.353480,0.665625,0.638470,0.973853,0.034125,1.000000,
Fri 2020-09-25 00:00,Sun 2020-10-25 00:00,55.000000,30.000000,10735.273723,0.450050,0.419729,3.546907,-0.231617,1.000000,
Fri 2020-09-25 00:00,Tue 2020-11-24 00:00,55.000000,60.000000,10773.047445,0.526957,0.493726,2.262522,-0.059908,1.000000,
Fri 2020-09-25 00:00,Thu 2020-12-24 00:00,55.000000,90.000000,10810.821168,0.595768,0.559950,1.758338,-0.002731,1.000000,
Fri 2020-09-25 00:00,Sat 2021-01-23 00:00,55.000000,120.000000,10856.602564,0.615230,0.577838,1.539491,-0.014753,1.000000,
Fri 2020-09-25 00:00,Mon 2021-02-22 00:00,55.000000,150.000000,10902.756410,0.628753,0.593689,1.328936,-0.029507,1.000000,
Fri 2020-09-25 00:00,Wed 2021-03-24 00:00,55.000000,180.000000,10948.910256,0.639163,0.609539,1.118381,-0.044261,1.000000,
Sat 2020-09-26 00:00,Mon 2020-10-26 00:00,56.000000,30.000000,10778.800738,0.441304,0.407825,3.694903,-0.196628,1.000000,
Sat 2020-09-26 00:00,Wed 2020-11-25 00:00,56.000000,60.000000,10832.601476,0.551365,0.517584,2.240725,-0.070082,1.000000,
Sat 2020-09-26 00:00,Fri 2020-12-25 00:00,56.000000,90.000000,10886.402214,0.589698,0.552723,1.808370,-0.014514,1.000000,
Sat 2020-09-26 00:00,Sun 2021-01-24 00:00,56.000000,120.000000,10931.826007,0.609703,0.572044,1.526239,0.016195,1.000000,
Sat 2020-09-26 00:00,Tue 2021-02-23 00:00,56.000000,150.000000,10977.155678,0.625226,0.591264,1.244885,0.046691,1.000000,
Sat 2020-09-26 00:00,Thu 2021-03-25 00:00,56.000000,180.000000,11022.485348,0.637577,0.610483,0.963532,0.077187,1.000000,
Sun 2020-09-27 00:00,Tue 2020-10-27 00:00,57.000000,30.000000,10727.078358,0.447267,0.413498,3.563651,-0.118430,1.000000,
Sun 2020-09-27 00:00,Thu 2020-11-26 00:00,57.000000,60.000000,10782.656716,0.555579,0.522672,2.179097,-0.047017,1.000000,
Sun 2020-09-27 00:00,Sat 2020-12-26 00:00,57.000000,90.000000,10838.043956,0.603363,0.569925,1.702512,-0.023538,1.000000,
Sun 2020-09-27 00:00,Mon 2021-01-25 00:00,57.000000,120.000000,10885.021978,0.614369,0.580039,1.447456,0.014531,1.000000,
Sun 2020-09-27 00:00,Wed 2021-02-24 00:00,57.000000,150.000000,10932.000000,0.621560,0.590152,1.192399,0.052600,1.000000,
Sun 2020-09-27 00:00,Fri 2021-03-26 00:00,57.000000,180.000000,10978.978022,0.625991,0.600266,0.937343,0.090668,1.000000,
Mon 2020-09-28 00:00,Wed 2020-10-28 00:00,58.000000,30.000000,11000.500000,0.449671,0.415889,3.614452,-0.159660,1.000000,
Mon 2020-09-28 00:00,Fri 2020-11-27 00:00,58.000000,60.000000,11063.500000,0.551477,0.520861,2.110572,-0.051067,1.000000,
Mon 2020-09-28 00:00,Sun 2020-12-27 00:00,58.000000,90.000000,11125.701465,0.608236,0.574572,1.729337,-0.052058,1.000000,
Mon 2020-09-28 00:00,Tue 2021-01-26 00:00,58.000000,120.000000,11174.327839,0.625054,0.592913,1.408149,-0.012629,1.000000,
Mon 2020-09-28 00:00,Thu 2021-02-25 00:00,58.000000,150.000000,11222.954212,0.637560,0.611255,1.086961,0.026800,1.000000,
Mon 2020-09-28 00:00,Sat 2021-03-27 00:00,58.000000,180.000000,11271.811355,0.647121,0.628849,0.774030,0.065893,1.000000,
Tue 2020-09-29 00:00,Thu 2020-10-29 00:00,59.000000,30.000000,10777.912214,0.453441,0.421216,3.412633,-0.084735,1.000000,
Tue 2020-09-29 00:00,Sat 2020-11-28 00:00,59.000000,60.000000,10836.824427,0.555171,0.521071,2.217068,-0.043064,1.000000,
Tue 2020-09-29 00:00,Mon 2020-12-28 00:00,59.000000,90.000000,10894.661172,0.581636,0.546502,1.759213,0.002048,1.000000,
Tue 2020-09-29 00:00,Wed 2021-01-27 00:00,59.000000,120.000000,10941.474359,0.594207,0.557519,1.510986,0.036892,1.000000,
Tue 2020-09-29 00:00,Fri 2021-02-26 00:00,59.000000,150.000000,10988.287546,0.602913,0.568536,1.262760,0.071735,1.000000,
Tue 2020-09-29 00:00,Sun 2021-03-28 00:00,59.000000,180.000000,11035.934066,0.609161,0.579608,1.022126,0.106236,1.000000,
Wed 2020-09-30 00:00,Fri 2020-10-30 00:00,60.000000,30.000000,10842.573359,0.453928,0.421464,3.461798,-0.116337,1.000000,
Wed 2020-09-30 00:00,Sun 2020-11-29 00:00,60.000000,60.000000,10901.646718,0.528797,0.494318,2.279195,-0.034685,1.000000,
Wed 2020-09-30 00:00,Tue 2020-12-29 00:00,60.000000,90.000000,10959.282051,0.571431,0.537160,1.764195,-0.011800,1.000000,
Wed 2020-09-30 00:00,Thu 2021-01-28 00:00,60.000000,120.000000,11006.589744,0.591508,0.557428,1.468581,0.019582,1.000000,
Wed 2020-09-30 00:00,Sat 2021-02-27 00:00,60.000000,150.000000,11053.897436,0.607352,0.577696,1.172966,0.050965,1.000000,
Wed 2020-09-30 00:00,Mon 2021-03-29 00:00,60.000000,180.000000,11102.113553,0.619377,0.595990,0.902052,0.080172,1.000000,
Thu 2020-10-01 00:00,Sat 2020-10-31 00:00,61.000000,30.000000,10871.644531,0.460472,0.426574,3.544773,-0.137377,1.000000,
Thu 2020-10-01 00:00,Mon 2020-11-30 00:00,61.000000,60.000000,10932.289062,0.526688,0.491066,2.331396,-0.043377,1.000000,
Thu 2020-10-01 00:00,Wed 2020-12-30 00:00,61.000000,90.000000,10991.551282,0.568671,0.533528,1.796327,-0.016420,1.000000,
Thu 2020-10-01 00:00,Fri 2021-01-29 00:00,61.000000,120.000000,11043.309524,0.592811,0.558558,1.474540,0.014813,1.000000,
Thu 2020-10-01 00:00,Sun 2021-02-28 00:00,61.000000,150.000000,11095.067766,0.612406,0.583588,1.152753,0.046046,1.000000,
Thu 2020-10-01 00:00,Tue 2021-03-30 00:00,61.000000,180.000000,11146.926740,0.627024,0.605018,0.868311,0.075457,1.000000,
Fri 2020-10-02 00:00,Sun 2020-11-01 00:00,62.000000,30.000000,10509.308300,0.475339,0.442713,3.563023,-0.219143,1.000000,
Fri 2020-10-02 00:00,Tue 2020-12-01 00:00,62.000000,60.000000,10548.616601,0.607563,0.580933,1.789127,0.042479,1.000000,
Fri 2020-10-02 00:00,Thu 2020-12-31 00:00,62.000000,90.000000,10589.155678,0.580052,0.544436,1.819092,-0.047890,1.000000,
Fri 2020-10-02 00:00,Sat 2021-01-30 00:00,62.000000,120.000000,10634.979853,0.590579,0.552878,1.545798,0.027826,1.000000,
Fri 2020-10-02 00:00,Mon 2021-03-01 00:00,62.000000,150.000000,10680.804029,0.596778,0.561320,1.272503,0.103541,1.000000,
Fri 2020-10-02 00:00,Wed 2021-03-31 00:00,62.000000,180.000000,10728.756410,0.600732,0.569398,1.031682,0.166035,1.000000,
Sat 2020-10-03 00:00,Mon 2020-11-02 00:00,63.000000,30.000000,10592.540000,0.466095,0.434353,3.572971,-0.232034,1.000000,
Sat 2020-10-03 00:00,Wed 2020-12-02 00:00,63.000000,60.000000,10642.580000,0.553140,0.521688,2.208370,-0.115860,1.000000,
Sat 2020-10-03 00:00,Fri 2021-01-01 00:00,63.000000,90.000000,10691.206960,0.591486,0.558207,1.756342,-0.064871,1.000000,
Sat 2020-10-03 00:00,Sun 2021-01-31 00:00,63.000000,120.000000,10734.888278,0.599881,0.565118,1.486128,0.003094,1.000000,
Sat 2020-10-03 00:00,Tue 2021-03-02 00:00,63.000000,150.000000,10778.569597,0.604207,0.572030,1.215913,0.071058,1.000000,
Sat 2020-10-03 00:00,Thu 2021-04-01 00:00,63.000000,180.000000,10827.170330,0.607326,0.579080,0.983699,0.128495,1.000000,
Sun 2020-10-04 00:00,Tue 2020-11-03 00:00,64.000000,30.000000,10658.427126,0.491602,0.458814,3.390736,-0.149221,1.000000,
Sun 2020-10-04 00:00,Thu 2020-12-03 00:00,64.000000,60.000000,10712.354251,0.570247,0.539312,2.176877,-0.129398,1.000000,
Sun 2020-10-04 00:00,Sat 2021-01-02 00:00,64.000000,90.000000,10763.957875,0.617690,0.585712,1.692470,-0.071497,1.000000,
Sun 2020-10-04 00:00,Mon 2021-02-01 00:00,64.000000,120.000000,10808.793040,0.620734,0.587474,1.436175,-0.009669,1.000000,
Sun 2020-10-04 00:00,Wed 2021-03-03 00:00,64.000000,150.000000,10853.628205,0.619939,0.589235,1.179879,0.052159,1.000000,
Sun 2020-10-04 00:00,Fri 2021-04-02 00:00,64.000000,180.000000,10903.701465,0.618874,0.591474,0.968962,0.105060,1.000000,
Mon 2020-10-05 00:00,Wed 2020-11-04 00:00,65.000000,30.000000,10748.803279,0.509540,0.475111,3.408559,-0.143615,1.000000,
Mon 2020-10-05 00:00,Fri 2020-12-04 00:00,65.000000,60.000000,10805.606557,0.603007,0.573200,2.011270,-0.070267,1.000000,
Mon 2020-10-05 00:00,Sun 2021-01-03 00:00,65.000000,90.000000,10859.714286,0.627987,0.594684,1.682663,-0.042358,1.000000,
Mon 2020-10-05 00:00,Tue 2021-02-02 00:00,65.000000,120.000000,10907.186813,0.636615,0.603451,1.396997,0.010038,1.000000,
Mon 2020-10-05 00:00,Thu 2021-03-04 00:00,65.000000,150.000000,10954.659341,0.641168,0.612217,1.111331,0.062435,1.000000,
Mon 2020-10-05 00:00,Sat 2021-04-03 00:00,65.000000,180.000000,11010.683150,0.642534,0.617851,0.891039,0.102403,1.000000,
Tue 2020-10-06 00:00,Thu 2020-11-05 00:00,66.000000,30.000000,10800.257261,0.473766,0.435552,3.755911,-0.159042,1.000000,
Tue 2020-10-06 00:00,Sat 2020-12-05 00:00,66.000000,60.000000,10858.514523,0.576694,0.545484,2.099952,-0.066309,1.000000,
Tue 2020-10-06 00:00,Mon 2021-01-04 00:00,66.000000,90.000000,10912.871795,0.612267,0.579700,1.693717,-0.051171,1.000000,
Tue 2020-10-06 00:00,Wed 2021-02-03 00:00,66.000000,120.000000,10959.025641,0.623621,0.589354,1.433536,0.015099,1.000000,
Tue 2020-10-06 00:00,Fri 2021-03-05 00:00,66.000000,150.000000,11005.179487,0.631065,0.599008,1.173355,0.081370,1.000000,
Tue 2020-10-06 00:00,Sun 2021-04-04 00:00,66.000000,180.000000,11059.238095,0.636352,0.607264,0.965062,0.132787,1.000000,
Wed 2020-10-07 00:00,Fri 2020-11-06 00:00,67.000000,30.000000,10655.836134,0.488280,0.452126,3.698382,-0.214636,1.000000,
Wed 2020-10-07 00:00,Sun 2020-12-06 00:00,67.000000,60.000000,10703.672269,0.593493,0.563352,2.088550,-0.112553,1.000000,
Wed 2020-10-07 00:00,Tue 2021-01-05 00:00,67.000000,90.000000,10752.609890,0.616214,0.584069,1.694494,-0.067503,1.000000,
Wed 2020-10-07 00:00,Thu 2021-02-04 00:00,67.000000,120.000000,10803.543956,0.628953,0.596646,1.415717,-0.021563,1.000000,
Wed 2020-10-07 00:00,Sat 2021-03-06 00:00,67.000000,150.000000,10854.478022,0.637748,0.609224,1.136940,0.024376,1.000000,
Wed 2020-10-07 00:00,Mon 2021-04-05 00:00,67.000000,180.000000,10911.998168,0.643063,0.617659,0.932010,0.067071,1.000000,
Thu 2020-10-08 00:00,Sat 2020-11-07 00:00,68.000000,30.000000,10596.712766,0.485318,0.445285,3.862385,-0.191767,1.000000,
Thu 2020-10-08 00:00,Mon 2020-12-07 00:00,68.000000,60.000000,10654.925532,0.590640,0.557916,2.149063,-0.086381,1.000000,
Thu 2020-10-08 00:00,Wed 2021-01-06 00:00,68.000000,90.000000,10708.064103,0.614484,0.582265,1.698706,-0.067458,1.000000,
Thu 2020-10-08 00:00,Fri 2021-02-05 00:00,68.000000,120.000000,10753.228938,0.631903,0.599308,1.405606,-0.007500,1.000000,
Thu 2020-10-08 00:00,Sun 2021-03-07 00:00,68.000000,150.000000,10798.393773,0.645185,0.616350,1.112505,0.052457,1.000000,
Thu 2020-10-08 00:00,Tue 2021-04-06 00:00,68.000000,180.000000,10854.166667,0.652611,0.626875,0.901368,0.104408,1.000000,
Fri 2020-10-09 00:00,Sun 2020-11-08 00:00,69.000000,30.000000,10960.366379,0.482932,0.449347,3.438252,-0.132591,1.000000,
Fri 2020-10-09 00:00,Tue 2020-12-08 00:00,69.000000,60.000000,11025.732759,0.583869,0.554895,2.035193,-0.089420,1.000000,
Fri 2020-10-09 00:00,Thu 2021-01-07 00:00,69.000000,90.000000,11085.353480,0.597734,0.569543,1.623871,-0.081144,1.000000,
Fri 2020-10-09 00:00,Sat 2021-02-06 00:00,69.000000,120.000000,11137.111722,0.611891,0.581626,1.397541,-0.031399,1.000000,
Fri 2020-10-09 00:00,Mon 2021-03-08 00:00,69.000000,150.000000,11188.869963,0.622873,0.593709,1.171211,0.018345,1.000000,
Fri 2020-10-09 00:00,Wed 2021-04-07 00:00,69.000000,180.000000,11249.282051,0.632293,0.604808,0.989571,0.060200,1.000000,
Sat 2020-10-10 00:00,Mon 2020-11-09 00:00,70.000000,30.000000,11394.087336,0.483732,0.447055,3.542963,-0.091578,1.000000,
Sat 2020-10-10 00:00,Wed 2020-12-09 00:00,70.000000,60.000000,11479.174672,0.562330,0.531918,2.152548,-0.114078,1.000000,
Sat 2020-10-10 00:00,Fri 2021-01-08 00:00,70.000000,90.000000,11553.208791,0.599235,0.569683,1.632404,-0.054658,1.000000,
Sat 2020-10-10 00:00,Sun 2021-02-07 00:00,70.000000,120.000000,11614.032967,0.615664,0.585784,1.357088,-0.002204,1.000000,
Sat 2020-10-10 00:00,Tue 2021-03-09 00:00,70.000000,150.000000,11674.857143,0.628410,0.601885,1.081773,0.050250,1.000000,
Sat 2020-10-10 00:00,Thu 2021-04-08 00:00,70.000000,180.000000,11746.120879,0.637416,0.613251,0.888635,0.097631,1.000000,
Sun 2020-10-11 00:00,Tue 2020-11-10 00:00,71.000000,30.000000,11452.123894,0.488002,0.450920,3.494095,-0.040440,1.000000,
Sun 2020-10-11 00:00,Thu 2020-12-10 00:00,71.000000,60.000000,11536.747788,0.570122,0.540592,2.043844,-0.057619,1.000000,
Sun 2020-10-11 00:00,Sat 2021-01-09 00:00,71.000000,90.000000,11608.608059,0.590741,0.560725,1.653807,-0.051491,1.000000,
Sun 2020-10-11 00:00,Mon 2021-02-08 00:00,71.000000,120.000000,11667.124542,0.610112,0.579329,1.383066,0.000264,1.000000,
Sun 2020-10-11 00:00,Wed 2021-03-10 00:00,71.000000,150.000000,11725.641026,0.625783,0.597933,1.112324,0.052020,1.000000,
Sun 2020-10-11 00:00,Fri 2021-04-09 00:00,71.000000,180.000000,11793.844322,0.633947,0.607143,0.950384,0.092032,1.000000,
Mon 2020-10-12 00:00,Wed 2020-11-11 00:00,72.000000,30.000000,11442.165919,0.474462,0.438007,3.729549,-0.197034,1.000000,
Mon 2020-10-12 00:00,Fri 2020-12-11 00:00,72.000000,60.000000,11528.331839,0.569215,0.542231,1.982289,-0.085057,1.000000,
Mon 2020-10-12 00:00,Sun 2021-01-10 00:00,72.000000,90.000000,11601.694139,0.595691,0.567571,1.576875,-0.034905,1.000000,
Mon 2020-10-12 00:00,Tue 2021-02-09 00:00,72.000000,120.000000,11663.342491,0.607847,0.579023,1.326169,0.015060,1.000000,
Mon 2020-10-12 00:00,Thu 2021-03-11 00:00,72.000000,150.000000,11724.990842,0.616670,0.590475,1.075463,0.065025,1.000000,
Mon 2020-10-12 00:00,Sat 2021-04-10 00:00,72.000000,180.000000,11795.261905,0.624504,0.599938,0.900406,0.110917,1.000000,
Tue 2020-10-13 00:00,Thu 2020-11-12 00:00,73.000000,30.000000,11615.568182,0.490561,0.454292,3.494067,-0.089278,1.000000,
Tue 2020-10-13 00:00,Sat 2020-12-12 00:00,73.000000,60.000000,11708.636364,0.554742,0.524904,2.027783,0.005075,1.000000,
Tue 2020-10-13 00:00,Mon 2021-01-11 00:00,73.000000,90.000000,11785.347985,0.582083,0.550286,1.626081,0.058152,1.000000,
Tue 2020-10-13 00:00,Wed 2021-02-10 00:00,73.000000,120.000000,11848.974359,0.602970,0.571264,1.339936,0.100693,1.000000,
Tue 2020-10-13 00:00,Fri 2021-03-12 00:00,73.000000,150.000000,11912.600733,0.619992,0.592242,1.053791,0.143234,1.000000,
Tue 2020-10-13 00:00,Sun 2021-04-11 00:00,73.000000,180.000000,11991.635531,0.633539,0.608112,0.872110,0.167881,1.000000,
Wed 2020-10-14 00:00,Fri 2020-11-13 00:00,74.000000,30.000000,11484.866359,0.500730,0.465454,3.400423,-0.083405,1.000000,
Wed 2020-10-14 00:00,Sun 2020-12-13 00:00,74.000000,60.000000,11576.732719,0.573400,0.546077,1.917376,-0.013845,1.000000,
Wed 2020-10-14 00:00,Tue 2021-01-12 00:00,74.000000,90.000000,11650.706960,0.586323,0.555944,1.594015,0.037387,1.000000,
Wed 2020-10-14 00:00,Thu 2021-02-11 00:00,74.000000,120.000000,11712.190476,0.607691,0.577790,1.303432,0.080239,1.000000,
Wed 2020-10-14 00:00,Sat 2021-03-13 00:00,74.000000,150.000000,11773.673993,0.625280,0.599635,1.012849,0.123090,1.000000,
Wed 2020-10-14 00:00,Mon 2021-04-12 00:00,74.000000,180.000000,11846.787546,0.631933,0.606544,0.881089,0.154879,1.000000,
Thu 2020-10-15 00:00,Sat 2020-11-14 00:00,75.000000,30.000000,11446.186916,0.455236,0.417117,3.704689,-0.066459,1.000000,
Thu 2020-10-15 00:00,Mon 2020-12-14 00:00,75.000000,60.000000,11533.873832,0.556253,0.527429,1.991081,0.001319,1.000000,
Thu 2020-10-15 00:00,Wed 2021-01-13 00:00,75.000000,90.000000,11608.025641,0.591192,0.562326,1.537231,0.045979,1.000000,
Thu 2020-10-15 00:00,Fri 2021-02-12 00:00,75.000000,120.000000,11673.959707,0.607050,0.578540,1.264982,0.088030,1.000000,
Thu 2020-10-15 00:00,Sun 2021-03-14 00:00,75.000000,150.000000,11739.893773,0.619437,0.594753,0.992733,0.130080,1.000000,
Thu 2020-10-15 00:00,Tue 2021-04-13 00:00,75.000000,180.000000,11820.776557,0.621570,0.596350,0.887420,0.157027,1.000000,
Fri 2020-10-16 00:00,Sun 2020-11-15 00:00,76.000000,30.000000,11316.113744,0.450058,0.419230,3.484973,-0.183920,1.000000,
Fri 2020-10-16 00:00,Tue 2020-12-15 00:00,76.000000,60.000000,11382.227488,0.509932,0.479234,2.150613,0.010273,1.000000,
Fri 2020-10-16 00:00,Thu 2021-01-14 00:00,76.000000,90.000000,11445.738095,0.542413,0.509861,1.693003,0.100546,1.000000,
Fri 2020-10-16 00:00,Sat 2021-02-13 00:00,76.000000,120.000000,11507.880952,0.577681,0.546659,1.338222,0.140811,1.000000,
Fri 2020-10-16 00:00,Mon 2021-03-15 00:00,76.000000,150.000000,11570.023810,0.608477,0.583456,0.983441,0.181076,1.000000,
Fri 2020-10-16 00:00,Wed 2021-04-14 00:00,76.000000,180.000000,11652.269231,0.621589,0.597839,0.833400,0.195155,1.000000,
Sat 2020-10-17 00:00,Mon 2020-11-16 00:00,77.000000,30.000000,11426.466346,0.466796,0.436562,3.404962,-0.191942,1.000000,
Sat 2020-10-17 00:00,Wed 2020-12-16 00:00,77.000000,60.000000,11505.432692,0.518695,0.490534,2.103964,-0.071333,1.000000,
Sat 2020-10-17 00:00,Fri 2021-01-15 00:00,77.000000,90.000000,11572.468864,0.546292,0.517160,1.663035,-0.017299,1.000000,
Sat 2020-10-17 00:00,Sun 2021-02-14 00:00,77.000000,120.000000,11634.117216,0.565534,0.535980,1.391965,0.023979,1.000000,
Sat 2020-10-17 00:00,Tue 2021-03-16 00:00,77.000000,150.000000,11695.765568,0.581236,0.554801,1.120895,0.065256,1.000000,
Sat 2020-10-17 00:00,Thu 2021-04-15 00:00,77.000000,180.000000,11775.135531,0.591188,0.564550,0.985005,0.102869,1.000000,
Sun 2020-10-18 00:00,Tue 2020-11-17 00:00,78.000000,30.000000,11511.841463,0.471852,0.441701,3.341428,-0.167695,1.000000,
Sun 2020-10-18 00:00,Thu 2020-12-17 00:00,78.000000,60.000000,11601.182927,0.521292,0.493341,2.052389,-0.029534,1.000000,
Sun 2020-10-18 00:00,Sat 2021-01-16 00:00,78.000000,90.000000,11672.547619,0.545395,0.515834,1.641002,0.030716,1.000000,
Sun 2020-10-18 00:00,Mon 2021-02-15 00:00,78.000000,120.000000,11736.998168,0.560189,0.529859,1.380981,0.080835,1.000000,
Sun 2020-10-18 00:00,Wed 2021-03-17 00:00,78.000000,150.000000,11801.448718,0.571554,0.543883,1.120960,0.130955,1.000000,
Sun 2020-10-18 00:00,Fri 2021-04-16 00:00,78.000000,180.000000,11883.159341,0.580451,0.552016,1.013253,0.139360,1.000000,
